thumb,img
https://farm8.staticflickr.com/7182/6921091249_b490bfd632_q.jpg,https://farm8.staticflickr.com/7182/6921091249_b490bfd632_b.jpg
https://farm8.staticflickr.com/7185/6921091127_7a5f0e2734_q.jpg,https://farm8.staticflickr.com/7185/6921091127_7a5f0e2734_b.jpg
https://farm8.staticflickr.com/7204/6774975832_6780553588_q.jpg,https://farm8.staticflickr.com/7204/6774975832_6780553588_b.jpg
https://farm8.staticflickr.com/7220/7022105689_a6d21978e9_q.jpg,https://farm8.staticflickr.com/7220/7022105689_a6d21978e9_b.jpg
https://farm7.staticflickr.com/6055/7022105793_3662f77f61_q.jpg,https://farm7.staticflickr.com/6055/7022105793_3662f77f61_b.jpg
https://farm8.staticflickr.com/7065/7022105951_fce0eeb0ef_q.jpg,https://farm8.staticflickr.com/7065/7022105951_fce0eeb0ef_b.jpg
https://farm7.staticflickr.com/6222/7022106079_522345693f_q.jpg,https://farm7.staticflickr.com/6222/7022106079_522345693f_b.jpg
https://farm7.staticflickr.com/6057/6876003486_7044934d91_q.jpg,https://farm7.staticflickr.com/6057/6876003486_7044934d91_b.jpg
https://farm7.staticflickr.com/6237/7022106353_55997c430c_q.jpg,https://farm7.staticflickr.com/6237/7022106353_55997c430c_b.jpg
https://farm7.staticflickr.com/6213/7022106511_abdb3fa6c4_q.jpg,https://farm7.staticflickr.com/6213/7022106511_abdb3fa6c4_b.jpg
https://farm7.staticflickr.com/6113/7022106723_212071e0f0_q.jpg,https://farm7.staticflickr.com/6113/7022106723_212071e0f0_b.jpg
https://farm7.staticflickr.com/6096/6876004218_92557f3fd6_q.jpg,https://farm7.staticflickr.com/6096/6876004218_92557f3fd6_b.jpg
https://farm7.staticflickr.com/6107/7022107043_0ab86f25fb_q.jpg,https://farm7.staticflickr.com/6107/7022107043_0ab86f25fb_b.jpg
